Entity,Code,Year,"CO2 concentrations (NOAA, 2018)"
World,OWID_WRL,-803719,207.29
World,OWID_WRL,-803182,202.23
World,OWID_WRL,-802573,204.86
World,OWID_WRL,-802060,207.5
World,OWID_WRL,-801975,202.92
World,OWID_WRL,-801759,202.65
World,OWID_WRL,-800922,198.66
World,OWID_WRL,-799286,198.68
World,OWID_WRL,-796731,200.49
World,OWID_WRL,-795429,197.91
World,OWID_WRL,-794903,198.79
World,OWID_WRL,-793737,204.62
World,OWID_WRL,-793172,208.79
World,OWID_WRL,-791903,218.39
World,OWID_WRL,-791569,213.36
World,OWID_WRL,-790667,214.45
World,OWID_WRL,-790081,224.69
World,OWID_WRL,-789107,230.55
World,OWID_WRL,-788689,227.38
World,OWID_WRL,-788003,235.49
World,OWID_WRL,-787544,238.64
World,OWID_WRL,-786742,257.02
World,OWID_WRL,-786529,257.2
World,OWID_WRL,-785854,266
World,OWID_WRL,-785406,269.36
World,OWID_WRL,-784613,264.35
World,OWID_WRL,-784240,262.23
World,OWID_WRL,-783569,259.66
World,OWID_WRL,-783084,255.85
World,OWID_WRL,-782312,260.92
World,OWID_WRL,-781249,255.02
World,OWID_WRL,-780778,257.44
World,OWID_WRL,-779937,251.51
World,OWID_WRL,-779613,257.21
World,OWID_WRL,-778769,252.52
World,OWID_WRL,-778239,254.43
World,OWID_WRL,-777418,254.69
World,OWID_WRL,-777108,254.93
World,OWID_WRL,-776283,252.46
World,OWID_WRL,-775732,247.3
World,OWID_WRL,-774833,248.92
World,OWID_WRL,-774382,245.32
World,OWID_WRL,-773588,241.74
World,OWID_WRL,-773009,238.39
World,OWID_WRL,-772094,239.23
World,OWID_WRL,-771734,237.78
World,OWID_WRL,-771300,246.03
World,OWID_WRL,-771046,243.85
World,OWID_WRL,-770788,246.49
World,OWID_WRL,-770525,243.89
World,OWID_WRL,-770225,239.71
World,OWID_WRL,-769863,234.24
World,OWID_WRL,-769569,236.32
World,OWID_WRL,-769071,229.56
World,OWID_WRL,-768649,230.63
World,OWID_WRL,-767701,225.87
World,OWID_WRL,-767111,221.64
World,OWID_WRL,-766167,223.82
World,OWID_WRL,-765797,224.86
World,OWID_WRL,-764859,230.62
World,OWID_WRL,-764239,232.12
World,OWID_WRL,-763901,229.41
World,OWID_WRL,-763637,233.66
World,OWID_WRL,-763232,222.93
World,OWID_WRL,-762727,223.89
World,OWID_WRL,-761821,219.95
World,OWID_WRL,-761152,214
World,OWID_WRL,-760216,214.69
World,OWID_WRL,-759914,216.64
World,OWID_WRL,-758990,222.71
World,OWID_WRL,-758566,225.62
World,OWID_WRL,-758158,225.37
World,OWID_WRL,-757928,223.02
World,OWID_WRL,-757612,226.94
World,OWID_WRL,-757186,222.72
World,OWID_WRL,-756412,218.35
World,OWID_WRL,-755835,213.61
World,OWID_WRL,-754901,209.45
World,OWID_WRL,-754616,208.1
World,OWID_WRL,-753637,203.3
World,OWID_WRL,-753165,199.05
World,OWID_WRL,-751985,203.9
World,OWID_WRL,-751539,195.43
World,OWID_WRL,-750616,197.5
World,OWID_WRL,-750024,193.55
World,OWID_WRL,-749086,191.3
World,OWID_WRL,-748756,192.08
World,OWID_WRL,-747864,190.17
World,OWID_WRL,-747313,188.68
World,OWID_WRL,-746387,187.54
World,OWID_WRL,-745990,187.95
World,OWID_WRL,-745227,187.92
World,OWID_WRL,-744670,190.24
World,OWID_WRL,-743721,187.29
World,OWID_WRL,-742573,188.97
World,OWID_WRL,-742009,188.18
World,OWID_WRL,-741112,187.33
World,OWID_WRL,-740695,188.65
World,OWID_WRL,-739924,189.14
World,OWID_WRL,-739380,184.77
World,OWID_WRL,-738511,183.39
World,OWID_WRL,-738156,185.4
World,OWID_WRL,-737225,185.61
World,OWID_WRL,-736631,191.74
World,OWID_WRL,-735710,204.52
World,OWID_WRL,-735320,206.92
World,OWID_WRL,-734572,213.14
World,OWID_WRL,-734157,217.19
World,OWID_WRL,-733460,217.88
World,OWID_WRL,-733185,214.66
World,OWID_WRL,-732513,216.15
World,OWID_WRL,-732072,210.6
World,OWID_WRL,-731379,207.72
World,OWID_WRL,-731044,208.11
World,OWID_WRL,-730372,213.73
World,OWID_WRL,-729911,211.62
World,OWID_WRL,-729234,210.7
World,OWID_WRL,-728958,210.16
World,OWID_WRL,-728310,212.17
World,OWID_WRL,-727887,210.01
World,OWID_WRL,-727038,211.08
World,OWID_WRL,-726644,210.24
World,OWID_WRL,-725949,210.07
World,OWID_WRL,-724627,211.43
World,OWID_WRL,-724300,211.08
World,OWID_WRL,-723524,211.49
World,OWID_WRL,-723025,210.48
World,OWID_WRL,-722192,214.01
World,OWID_WRL,-721830,212.55
World,OWID_WRL,-721045,212.11
World,OWID_WRL,-720556,216.1
World,OWID_WRL,-719740,218.96
World,OWID_WRL,-719458,219.2
World,OWID_WRL,-718641,217.04
World,OWID_WRL,-718137,212.03
World,OWID_WRL,-717337,200.82
World,OWID_WRL,-716828,193.46
World,OWID_WRL,-716005,189.88
World,OWID_WRL,-715398,198.43
World,OWID_WRL,-714636,210.51
World,OWID_WRL,-714360,213.6
World,OWID_WRL,-713615,227.58
World,OWID_WRL,-713166,223.14
World,OWID_WRL,-712454,227.08
World,OWID_WRL,-712116,227.64
World,OWID_WRL,-711363,223.89
World,OWID_WRL,-710294,224
World,OWID_WRL,-710071,224.12
World,OWID_WRL,-709449,225.39
World,OWID_WRL,-709033,224.9
World,OWID_WRL,-708506,227.03
World,OWID_WRL,-707960,230.51
World,OWID_WRL,-707504,231.43
World,OWID_WRL,-707009,234.84
World,OWID_WRL,-706463,233.11
World,OWID_WRL,-706250,233.58
World,OWID_WRL,-705694,233.51
World,OWID_WRL,-705361,238.85
World,OWID_WRL,-704761,236.05
World,OWID_WRL,-704543,236.05
World,OWID_WRL,-704103,237.66
World,OWID_WRL,-703777,237.18
World,OWID_WRL,-703294,235.09
World,OWID_WRL,-703103,234.04
World,OWID_WRL,-702632,233.54
World,OWID_WRL,-702301,232.83
World,OWID_WRL,-701846,232.28
World,OWID_WRL,-701519,233.35
World,OWID_WRL,-701060,230.59
World,OWID_WRL,-700784,232.18
World,OWID_WRL,-700251,232.16
World,OWID_WRL,-700043,230.88
World,OWID_WRL,-699575,232.46
World,OWID_WRL,-699319,235.42
World,OWID_WRL,-698865,236.61
World,OWID_WRL,-698535,236.72
World,OWID_WRL,-698154,237.21
World,OWID_WRL,-697915,239.73
World,OWID_WRL,-697489,239.01
World,OWID_WRL,-697266,238.86
World,OWID_WRL,-696803,241.83
World,OWID_WRL,-696556,240.9
World,OWID_WRL,-696089,241.03
World,OWID_WRL,-695797,239.88
World,OWID_WRL,-695392,238.42
World,OWID_WRL,-695140,239.44
World,OWID_WRL,-694695,238.13
World,OWID_WRL,-694485,238.05
World,OWID_WRL,-694032,238.74
World,OWID_WRL,-693782,236.8
World,OWID_WRL,-693309,239.8
World,OWID_WRL,-692999,239.31
World,OWID_WRL,-692587,240.46
World,OWID_WRL,-692330,239.34
World,OWID_WRL,-691871,237.76
World,OWID_WRL,-691624,243.7
World,OWID_WRL,-691127,238.47
World,OWID_WRL,-690882,239.3
World,OWID_WRL,-690368,243.56
World,OWID_WRL,-690018,239.38
World,OWID_WRL,-689518,238.42
World,OWID_WRL,-689272,239.29
World,OWID_WRL,-688786,236.45
World,OWID_WRL,-688525,235.8
World,OWID_WRL,-688001,232.27
World,OWID_WRL,-687743,232.07
World,OWID_WRL,-687208,230.67
World,OWID_WRL,-686860,227.64
World,OWID_WRL,-686350,227.65
World,OWID_WRL,-686050,226.73
World,OWID_WRL,-685495,222.97
World,OWID_WRL,-685204,222.7
World,OWID_WRL,-684632,222.62
World,OWID_WRL,-684319,220.63
World,OWID_WRL,-683730,220.62
World,OWID_WRL,-683345,221.82
World,OWID_WRL,-682808,224.36
World,OWID_WRL,-682474,225.64
World,OWID_WRL,-681879,222.7
World,OWID_WRL,-681508,220.24
World,OWID_WRL,-680790,219.14
World,OWID_WRL,-680394,221.31
World,OWID_WRL,-679720,227.9
World,OWID_WRL,-679276,225.81
World,OWID_WRL,-678678,233.11
World,OWID_WRL,-678363,233.61
World,OWID_WRL,-677785,232.7
World,OWID_WRL,-677505,229.16
World,OWID_WRL,-676792,220.09
World,OWID_WRL,-676378,218.21
World,OWID_WRL,-675651,216.59
World,OWID_WRL,-675202,219.96
World,OWID_WRL,-674581,222.57
World,OWID_WRL,-673457,216.12
World,OWID_WRL,-673078,211.69
World,OWID_WRL,-672279,204.67
World,OWID_WRL,-671746,201.12
World,OWID_WRL,-670811,197.13
World,OWID_WRL,-670201,194.79
World,OWID_WRL,-669508,196.83
World,OWID_WRL,-669121,194.88
World,OWID_WRL,-668346,191.51
World,OWID_WRL,-667869,187.66
World,OWID_WRL,-666966,180.67
World,OWID_WRL,-666465,177.71
World,OWID_WRL,-665460,173.71
World,OWID_WRL,-664803,174.77
World,OWID_WRL,-663887,180.54
World,OWID_WRL,-663372,180.17
World,OWID_WRL,-662458,187.77
World,OWID_WRL,-662370,192.55
World,OWID_WRL,-661988,191.02
World,OWID_WRL,-660928,190.86
World,OWID_WRL,-660847,193.91
World,OWID_WRL,-660332,189.69
World,OWID_WRL,-659266,191.59
World,OWID_WRL,-659168,193.97
World,OWID_WRL,-658514,188.43
World,OWID_WRL,-657462,185.68
World,OWID_WRL,-657344,187.38
World,OWID_WRL,-656814,184.1
World,OWID_WRL,-655772,190.88
World,OWID_WRL,-655704,189.23
World,OWID_WRL,-655231,192.93
World,OWID_WRL,-654183,200.35
World,OWID_WRL,-653574,200
World,OWID_WRL,-652489,194.82
World,OWID_WRL,-651780,192.87
World,OWID_WRL,-650759,186.79
World,OWID_WRL,-650154,187.27
World,OWID_WRL,-648997,193.44
World,OWID_WRL,-648398,189.25
World,OWID_WRL,-647241,196.17
World,OWID_WRL,-646662,193.48
World,OWID_WRL,-645305,191.85
World,OWID_WRL,-644427,189.89
World,OWID_WRL,-643201,195.82
World,OWID_WRL,-642351,195.31
World,OWID_WRL,-640907,191.56
World,OWID_WRL,-640125,191.38
World,OWID_WRL,-638422,190.18
World,OWID_WRL,-637468,188.85
World,OWID_WRL,-635764,195.33
World,OWID_WRL,-634572,194
World,OWID_WRL,-633059,194.86
World,OWID_WRL,-632931,195.95
World,OWID_WRL,-632128,193.1
World,OWID_WRL,-630407,196.5
World,OWID_WRL,-629576,200.46
World,OWID_WRL,-627916,200.78
World,OWID_WRL,-627820,205.27
World,OWID_WRL,-627190,199.52
World,OWID_WRL,-625880,205.76
World,OWID_WRL,-625019,215.71
World,OWID_WRL,-624097,228.51
World,OWID_WRL,-623448,235.02
World,OWID_WRL,-622547,237.93
World,OWID_WRL,-621105,239.19
World,OWID_WRL,-621001,243.89
World,OWID_WRL,-619701,243.53
World,OWID_WRL,-618334,245.89
World,OWID_WRL,-617004,248.29
World,OWID_WRL,-615660,252.64
World,OWID_WRL,-614407,252.73
World,OWID_WRL,-614349,252.9
World,OWID_WRL,-613191,252.75
World,OWID_WRL,-611993,256.19
World,OWID_WRL,-610812,258.14
World,OWID_WRL,-609651,259.68
World,OWID_WRL,-609601,257.82
World,OWID_WRL,-608480,257.74
World,OWID_WRL,-607297,259.22
World,OWID_WRL,-606029,254.58
World,OWID_WRL,-604676,248.48
World,OWID_WRL,-603353,244.53
World,OWID_WRL,-601999,239.14
World,OWID_WRL,-600651,237.86
World,OWID_WRL,-599305,232.45
World,OWID_WRL,-597865,229.38
World,OWID_WRL,-597268,225.97
World,OWID_WRL,-596380,219.02
World,OWID_WRL,-595854,216.27
World,OWID_WRL,-594841,216.44
World,OWID_WRL,-594272,221.22
World,OWID_WRL,-593486,232.92
World,OWID_WRL,-592914,237.98
World,OWID_WRL,-592097,238.15
World,OWID_WRL,-591611,233.16
World,OWID_WRL,-590836,229.39
World,OWID_WRL,-590433,225.68
World,OWID_WRL,-589069,237.38
World,OWID_WRL,-588539,243.56
World,OWID_WRL,-588090,248.1
World,OWID_WRL,-587475,250.2
World,OWID_WRL,-586991,246.35
World,OWID_WRL,-586329,238.78
World,OWID_WRL,-585939,234.4
World,OWID_WRL,-585222,225.99
World,OWID_WRL,-584771,223.96
World,OWID_WRL,-582009,210.64
World,OWID_WRL,-581624,206.68
World,OWID_WRL,-580886,209.88
World,OWID_WRL,-580505,215.45
World,OWID_WRL,-579978,219.41
World,OWID_WRL,-579597,225.21
World,OWID_WRL,-579169,230.26
World,OWID_WRL,-578864,236.17
World,OWID_WRL,-578452,243.81
World,OWID_WRL,-578261,244.14
World,OWID_WRL,-577883,251.47
World,OWID_WRL,-577331,252.92
World,OWID_WRL,-576792,249.06
World,OWID_WRL,-576246,251.08
World,OWID_WRL,-575704,251.34
World,OWID_WRL,-575165,251.3
World,OWID_WRL,-574649,252.9
World,OWID_WRL,-574163,252.54
World,OWID_WRL,-573705,248.86
World,OWID_WRL,-573284,252.08
World,OWID_WRL,-572856,251.86
World,OWID_WRL,-572415,251.77
World,OWID_WRL,-571963,248.72
World,OWID_WRL,-571526,249.19
World,OWID_WRL,-571104,247.66
World,OWID_WRL,-570720,246.31
World,OWID_WRL,-570366,250.3
World,OWID_WRL,-570025,251.6
World,OWID_WRL,-569683,249.6
World,OWID_WRL,-569311,251.8
World,OWID_WRL,-568912,251.8
World,OWID_WRL,-568513,251.3
World,OWID_WRL,-568117,250
World,OWID_WRL,-567734,251.3
World,OWID_WRL,-567365,250.2
World,OWID_WRL,-566980,253
World,OWID_WRL,-566584,252.8
World,OWID_WRL,-566254,253.9
World,OWID_WRL,-565935,253.2
World,OWID_WRL,-565599,254.5
World,OWID_WRL,-565289,253.9
World,OWID_WRL,-564968,254.3
World,OWID_WRL,-564639,253.7
World,OWID_WRL,-564295,251.4
World,OWID_WRL,-563946,252.6
World,OWID_WRL,-563589,252.4
World,OWID_WRL,-563184,251.4
World,OWID_WRL,-562774,247.6
World,OWID_WRL,-562361,245.8
World,OWID_WRL,-561978,245.7
World,OWID_WRL,-561586,242.3
World,OWID_WRL,-561185,240.1
World,OWID_WRL,-560706,234.1
World,OWID_WRL,-560360,234.6
World,OWID_WRL,-559938,231.9
World,OWID_WRL,-559501,231.6
World,OWID_WRL,-559016,228.3
World,OWID_WRL,-558487,230.3
World,OWID_WRL,-557923,230.2
World,OWID_WRL,-557687,229.7
World,OWID_WRL,-557366,234.5
World,OWID_WRL,-556828,238.1
World,OWID_WRL,-556356,240.4
World,OWID_WRL,-556205,245.6
World,OWID_WRL,-555888,250.5
World,OWID_WRL,-555707,244
World,OWID_WRL,-555435,249.1
World,OWID_WRL,-555249,243
World,OWID_WRL,-554973,241
World,OWID_WRL,-554457,233.9
World,OWID_WRL,-553892,226.7
World,OWID_WRL,-553208,224.3
World,OWID_WRL,-552530,223.6
World,OWID_WRL,-551859,220.3
World,OWID_WRL,-551669,222.1
World,OWID_WRL,-551296,226.3
World,OWID_WRL,-551071,222.3
World,OWID_WRL,-550732,221.7
World,OWID_WRL,-550161,219.9
World,OWID_WRL,-549431,215.2
World,OWID_WRL,-548633,213.6
World,OWID_WRL,-548281,208.8
World,OWID_WRL,-547770,202.5
World,OWID_WRL,-546821,204.6
World,OWID_WRL,-545857,209.7
World,OWID_WRL,-544880,209.6
World,OWID_WRL,-543915,210.3
World,OWID_WRL,-542936,208.1
World,OWID_WRL,-541895,203.6
World,OWID_WRL,-540790,205
World,OWID_WRL,-539704,211.2
World,OWID_WRL,-538634,212.9
World,OWID_WRL,-537564,206.4
World,OWID_WRL,-536491,205
World,OWID_WRL,-535384,199.4
World,OWID_WRL,-534228,199.8
World,OWID_WRL,-533745,190.5
World,OWID_WRL,-533094,193.8
World,OWID_WRL,-532718,195.1
World,OWID_WRL,-531982,200
World,OWID_WRL,-531604,204.4
World,OWID_WRL,-531038,211.4
World,OWID_WRL,-530643,214.5
World,OWID_WRL,-530129,220.7
World,OWID_WRL,-529251,220.3
World,OWID_WRL,-528341,221.2
World,OWID_WRL,-527453,222.7
World,OWID_WRL,-526567,224.7
World,OWID_WRL,-525749,227.8
World,OWID_WRL,-524946,230.3
World,OWID_WRL,-524157,233.7
World,OWID_WRL,-523387,235.8
World,OWID_WRL,-522621,236.8
World,OWID_WRL,-521852,241.9
World,OWID_WRL,-519624,243.5
World,OWID_WRL,-518872,245.5
World,OWID_WRL,-518123,247.7
World,OWID_WRL,-517379,245.3
World,OWID_WRL,-516650,245.5
World,OWID_WRL,-515926,246.2
World,OWID_WRL,-515205,247.2
World,OWID_WRL,-514471,243
World,OWID_WRL,-513701,241.5
World,OWID_WRL,-512898,239.2
World,OWID_WRL,-512083,238.2
World,OWID_WRL,-511255,242
World,OWID_WRL,-510414,235.2
World,OWID_WRL,-509562,236.4
World,OWID_WRL,-508702,233.4
World,OWID_WRL,-507835,240.3
World,OWID_WRL,-506991,237
World,OWID_WRL,-506168,238.2
World,OWID_WRL,-505362,236
World,OWID_WRL,-504534,235.5
World,OWID_WRL,-503734,233.9
World,OWID_WRL,-502962,234.1
World,OWID_WRL,-502227,232.2
World,OWID_WRL,-501469,232
World,OWID_WRL,-500688,231.2
World,OWID_WRL,-499911,230.8
World,OWID_WRL,-499134,228.2
World,OWID_WRL,-498355,230.8
World,OWID_WRL,-497577,230.6
World,OWID_WRL,-496787,232.8
World,OWID_WRL,-496016,236.5
World,OWID_WRL,-495238,236.4
World,OWID_WRL,-494494,237.6
World,OWID_WRL,-493776,238.5
World,OWID_WRL,-493074,238.3
World,OWID_WRL,-492350,239.1
World,OWID_WRL,-491643,239.7
World,OWID_WRL,-490914,243.7
World,OWID_WRL,-490205,246.7
World,OWID_WRL,-489501,243.3
World,OWID_WRL,-488784,242.6
World,OWID_WRL,-488545,249.3
World,OWID_WRL,-488076,252.8
World,OWID_WRL,-487770,240.9
World,OWID_WRL,-487352,242
World,OWID_WRL,-486615,237.1
World,OWID_WRL,-485898,231.3
World,OWID_WRL,-485179,232.9
World,OWID_WRL,-484449,233
World,OWID_WRL,-483718,231.2
World,OWID_WRL,-482986,231.4
World,OWID_WRL,-482230,231.4
World,OWID_WRL,-481445,227.3
World,OWID_WRL,-480631,223.4
World,OWID_WRL,-479713,223.8
World,OWID_WRL,-478777,218.8
World,OWID_WRL,-478378,220.8
World,OWID_WRL,-477826,231.3
World,OWID_WRL,-477453,236.5
World,OWID_WRL,-476942,239.1
World,OWID_WRL,-475991,236.6
World,OWID_WRL,-475000,232.8
World,OWID_WRL,-473975,233.1
World,OWID_WRL,-473024,241.2
World,OWID_WRL,-472142,245.6
World,OWID_WRL,-471851,243.9
World,OWID_WRL,-471268,243.7
World,OWID_WRL,-470913,232.7
World,OWID_WRL,-470313,229.2
World,OWID_WRL,-469875,218.7
World,OWID_WRL,-469251,215.5
World,OWID_WRL,-468776,206.5
World,OWID_WRL,-468090,205.5
World,OWID_WRL,-466928,203.4
World,OWID_WRL,-465757,204.4
World,OWID_WRL,-464682,208.1
World,OWID_WRL,-463652,210
World,OWID_WRL,-463315,205.2
World,OWID_WRL,-462649,199.9
World,OWID_WRL,-461577,194.4
World,OWID_WRL,-460464,190.7
World,OWID_WRL,-459336,195.5
World,OWID_WRL,-458302,202.4
World,OWID_WRL,-457262,208.3
World,OWID_WRL,-456844,203.3
World,OWID_WRL,-456258,204.3
World,OWID_WRL,-455795,199.1
World,OWID_WRL,-455164,192.5
World,OWID_WRL,-454052,193.3
World,OWID_WRL,-452914,198.4
World,OWID_WRL,-451826,201.9
World,OWID_WRL,-450786,204.9
World,OWID_WRL,-449797,201.2
World,OWID_WRL,-448693,201.7
World,OWID_WRL,-447621,208.1
World,OWID_WRL,-446509,203.5
World,OWID_WRL,-445269,201.1
World,OWID_WRL,-443382,199.1
World,OWID_WRL,-441895,202
World,OWID_WRL,-440281,201.3
World,OWID_WRL,-438710,201.7
World,OWID_WRL,-437113,200.3
World,OWID_WRL,-435535,207.5
World,OWID_WRL,-433990,209.8
World,OWID_WRL,-432429,207.6
World,OWID_WRL,-431900,211.5
World,OWID_WRL,-430229,227.2
World,OWID_WRL,-429074,219.7
World,OWID_WRL,-427228,242.5
World,OWID_WRL,-426890,248.2
World,OWID_WRL,-425991,252.1
World,OWID_WRL,-425205,255.3
World,OWID_WRL,-424672,265.4
World,OWID_WRL,-424287,270
World,OWID_WRL,-423791,270.8
World,OWID_WRL,-423182,268.3
World,OWID_WRL,-422558,267.7
World,OWID_WRL,-421275,270.6
World,OWID_WRL,-420583,266.4
World,OWID_WRL,-419962,268.6
World,OWID_WRL,-418752,273.8
World,OWID_WRL,-418184,271.2
World,OWID_WRL,-417626,273.7
World,OWID_WRL,-416555,274.6
World,OWID_WRL,-416007,271.8
World,OWID_WRL,-415490,273.4
World,OWID_WRL,-414475,271.7
World,OWID_WRL,-413996,276.4
World,OWID_WRL,-413230,271.6
World,OWID_WRL,-412261,264.9
World,OWID_WRL,-411309,274.9
World,OWID_WRL,-409398,283.5
World,OWID_WRL,-408504,282.6
World,OWID_WRL,-407648,274.7
World,OWID_WRL,-406869,284.5
World,OWID_WRL,-405332,285.6
World,OWID_WRL,-404593,279.6
World,OWID_WRL,-403113,280.5
World,OWID_WRL,-402363,276.5
World,OWID_WRL,-400910,275.7
World,OWID_WRL,-400191,283.1
World,OWID_WRL,-398760,283.2
World,OWID_WRL,-397976,277.1
World,OWID_WRL,-396325,276.3
World,OWID_WRL,-392956,260.7
World,OWID_WRL,-392054,273.6
World,OWID_WRL,-391027,259.5
World,OWID_WRL,-390337,258.1
World,OWID_WRL,-387460,245.8
World,OWID_WRL,-385875,246.8
World,OWID_WRL,-384334,239.1
World,OWID_WRL,-382607,240
World,OWID_WRL,-380981,227
World,OWID_WRL,-376810,229.6
World,OWID_WRL,-375085,224.6
World,OWID_WRL,-373255,214.7
World,OWID_WRL,-371508,199.9
World,OWID_WRL,-369436,201.9
World,OWID_WRL,-366116,206.3
World,OWID_WRL,-363240,201.2
World,OWID_WRL,-360618,185.8
World,OWID_WRL,-358734,186.1
World,OWID_WRL,-357060,193
World,OWID_WRL,-353868,209.2
World,OWID_WRL,-352463,209.4
World,OWID_WRL,-351225,216.2
World,OWID_WRL,-349726,221.1
World,OWID_WRL,-347189,220.3
World,OWID_WRL,-345595,211.9
World,OWID_WRL,-344371,204.8
World,OWID_WRL,-343051,205.2
World,OWID_WRL,-341974,200.7
World,OWID_WRL,-340842,250.1
World,OWID_WRL,-338785,234.2
World,OWID_WRL,-338034,239.6
World,OWID_WRL,-337041,241.9
World,OWID_WRL,-336264,255.7
World,OWID_WRL,-335567,270.5
World,OWID_WRL,-334918,278.6
World,OWID_WRL,-334428,285.8
World,OWID_WRL,-333758,278.1
World,OWID_WRL,-333152,298.6
World,OWID_WRL,-332594,288.4
World,OWID_WRL,-332399,289.1
World,OWID_WRL,-332048,282.4
World,OWID_WRL,-331550,273.1
World,OWID_WRL,-330849,272.6
World,OWID_WRL,-330194,271.7
World,OWID_WRL,-329344,265
World,OWID_WRL,-328103,275.1
World,OWID_WRL,-327464,271.9
World,OWID_WRL,-326821,270.1
World,OWID_WRL,-326137,266.1
World,OWID_WRL,-325486,264
World,OWID_WRL,-324641,266.2
World,OWID_WRL,-323873,260.5
World,OWID_WRL,-323057,260.3
World,OWID_WRL,-322217,260.4
World,OWID_WRL,-321433,257.2
World,OWID_WRL,-319867,249.2
World,OWID_WRL,-318966,255.8
World,OWID_WRL,-317880,233.4
World,OWID_WRL,-316903,245.2
World,OWID_WRL,-315983,251.6
World,OWID_WRL,-315200,272.6
World,OWID_WRL,-314501,246.8
World,OWID_WRL,-313708,257.1
World,OWID_WRL,-312886,256.7
World,OWID_WRL,-312102,251.6
World,OWID_WRL,-311393,241.9
World,OWID_WRL,-310643,239
World,OWID_WRL,-309720,237.8
World,OWID_WRL,-308826,233.2
World,OWID_WRL,-308061,226.2
World,OWID_WRL,-307474,227.8
World,OWID_WRL,-306376,225.8
World,OWID_WRL,-305513,244.8
World,OWID_WRL,-304631,248.6
World,OWID_WRL,-303828,250.2
World,OWID_WRL,-303150,240.7
World,OWID_WRL,-302151,240.2
World,OWID_WRL,-301166,236
World,OWID_WRL,-300134,239
World,OWID_WRL,-299076,236.1
World,OWID_WRL,-298166,231
World,OWID_WRL,-297426,224.4
World,OWID_WRL,-296755,217.1
World,OWID_WRL,-294879,213.1
World,OWID_WRL,-293414,212.7
World,OWID_WRL,-292505,206.7
World,OWID_WRL,-291701,206
World,OWID_WRL,-290868,207.6
World,OWID_WRL,-289613,217.1
World,OWID_WRL,-288914,220.4
World,OWID_WRL,-288235,234.9
World,OWID_WRL,-286336,231
World,OWID_WRL,-285870,230.4
World,OWID_WRL,-285494,231.4
World,OWID_WRL,-284660,226.4
World,OWID_WRL,-283981,228
World,OWID_WRL,-282485,231.3
World,OWID_WRL,-280643,223.7
World,OWID_WRL,-279451,215.3
World,OWID_WRL,-278609,211
World,OWID_WRL,-277669,204.5
World,OWID_WRL,-276641,202.2
World,OWID_WRL,-275493,193.2
World,OWID_WRL,-274308,198.4
World,OWID_WRL,-273205,194.1
World,OWID_WRL,-272214,193.9
World,OWID_WRL,-271216,190.4
World,OWID_WRL,-270200,184.7
World,OWID_WRL,-269086,198.8
World,OWID_WRL,-267990,194.2
World,OWID_WRL,-267046,187.2
World,OWID_WRL,-266308,188.7
World,OWID_WRL,-265057,211.7
World,OWID_WRL,-264184,199.9
World,OWID_WRL,-262634,228.1
World,OWID_WRL,-260867,214.6
World,OWID_WRL,-260105,208.9
World,OWID_WRL,-259344,205.7
World,OWID_WRL,-258944,209.6
World,OWID_WRL,-257447,203.9
World,OWID_WRL,-255958,204
World,OWID_WRL,-255111,201.9
World,OWID_WRL,-254349,199
World,OWID_WRL,-252637,195.4
World,OWID_WRL,-251807,196.7
World,OWID_WRL,-251004,195.4
World,OWID_WRL,-250182,213.9
World,OWID_WRL,-249441,200.2
World,OWID_WRL,-247150,214.7
World,OWID_WRL,-244920,219.4
World,OWID_WRL,-244239,230.4
World,OWID_WRL,-243614,236.7
World,OWID_WRL,-243107,249.9
World,OWID_WRL,-242632,252.3
World,OWID_WRL,-242172,263.7
World,OWID_WRL,-241189,280.2
World,OWID_WRL,-240735,279
World,OWID_WRL,-239905,263.2
World,OWID_WRL,-239383,259.7
World,OWID_WRL,-238240,252.8
World,OWID_WRL,-237789,247.4
World,OWID_WRL,-237437,245.8
World,OWID_WRL,-237058,245.6
World,OWID_WRL,-236475,239.1
World,OWID_WRL,-235956,243.1
World,OWID_WRL,-235442,247.4
World,OWID_WRL,-234901,241.4
World,OWID_WRL,-234476,252.1
World,OWID_WRL,-234041,245.2
World,OWID_WRL,-230906,241.6
World,OWID_WRL,-230242,233.9
World,OWID_WRL,-229180,232.4
World,OWID_WRL,-227622,224.5
World,OWID_WRL,-226817,233.1
World,OWID_WRL,-226489,234.5
World,OWID_WRL,-225770,235.5
World,OWID_WRL,-224900,215.7
World,OWID_WRL,-224310,203.3
World,OWID_WRL,-222322,205.6
World,OWID_WRL,-221179,208.8
World,OWID_WRL,-220590,207.1
World,OWID_WRL,-219747,216.1
World,OWID_WRL,-218986,214.1
World,OWID_WRL,-217118,240.5
World,OWID_WRL,-216251,245.3
World,OWID_WRL,-215745,251.1
World,OWID_WRL,-215466,251.7
World,OWID_WRL,-214915,247.5
World,OWID_WRL,-214356,242.6
World,OWID_WRL,-213962,240.3
World,OWID_WRL,-213131,241.4
World,OWID_WRL,-212209,251.2
World,OWID_WRL,-211380,243.4
World,OWID_WRL,-210583,257.4
World,OWID_WRL,-210129,239.5
World,OWID_WRL,-209628,246.9
World,OWID_WRL,-209108,252
World,OWID_WRL,-208882,247.2
World,OWID_WRL,-208225,243.9
World,OWID_WRL,-208016,244.6
World,OWID_WRL,-207495,242.2
World,OWID_WRL,-207132,240.5
World,OWID_WRL,-206872,230
World,OWID_WRL,-206325,237.2
World,OWID_WRL,-206159,238.1
World,OWID_WRL,-205673,231.4
World,OWID_WRL,-205290,229.4
World,OWID_WRL,-204947,226.3
World,OWID_WRL,-204410,228.6
World,OWID_WRL,-203995,232.2
World,OWID_WRL,-203626,231.9
World,OWID_WRL,-203253,244.4
World,OWID_WRL,-201892,247.6
World,OWID_WRL,-200795,239.1
World,OWID_WRL,-199802,250.9
World,OWID_WRL,-196988,242.6
World,OWID_WRL,-196377,241.2
World,OWID_WRL,-195637,226.4
World,OWID_WRL,-193850,220
World,OWID_WRL,-193177,226.5
World,OWID_WRL,-191125,218
World,OWID_WRL,-190014,220.3
World,OWID_WRL,-189305,231.4
World,OWID_WRL,-187857,231.3
World,OWID_WRL,-186487,210.7
World,OWID_WRL,-184461,203.4
World,OWID_WRL,-182421,199.7
World,OWID_WRL,-181308,198.1
World,OWID_WRL,-180246,217.7
World,OWID_WRL,-179352,213.2
World,OWID_WRL,-177923,207.7
World,OWID_WRL,-175780,190.1
World,OWID_WRL,-175584,189.4
World,OWID_WRL,-174903,190.3
World,OWID_WRL,-173883,196
World,OWID_WRL,-172492,197.7
World,OWID_WRL,-169989,197.8
World,OWID_WRL,-167564,196.6
World,OWID_WRL,-166796,183.8
World,OWID_WRL,-165964,186.7
World,OWID_WRL,-164834,190.1
World,OWID_WRL,-164193,191.6
World,OWID_WRL,-162385,196.5
World,OWID_WRL,-161908,204.3
World,OWID_WRL,-158205,187.5
World,OWID_WRL,-157766,185.5
World,OWID_WRL,-156716,189
World,OWID_WRL,-154357,189.38
World,OWID_WRL,-152939,196.3
World,OWID_WRL,-151825,198.78
World,OWID_WRL,-149495,202.35
World,OWID_WRL,-148645,202.51
World,OWID_WRL,-147516,201.78
World,OWID_WRL,-146283,195.81
World,OWID_WRL,-144158,193.59
World,OWID_WRL,-142850,196.02
World,OWID_WRL,-141701,194.59
World,OWID_WRL,-140411,196.51
World,OWID_WRL,-138000,192.75
World,OWID_WRL,-136884,198.55
World,OWID_WRL,-135813,199.18
World,OWID_WRL,-134616,203.74
World,OWID_WRL,-132572,212.43
World,OWID_WRL,-131826,222.74
World,OWID_WRL,-130982,224.63
World,OWID_WRL,-130760,228
World,OWID_WRL,-130026,232.28
World,OWID_WRL,-129372,241.13
World,OWID_WRL,-128868,250.84
World,OWID_WRL,-128423,251.84
World,OWID_WRL,-127706,260.61
World,OWID_WRL,-127128,268.44
World,OWID_WRL,-126928,271.08
World,OWID_WRL,-126517,285.76
World,OWID_WRL,-126223,280.72
World,OWID_WRL,-126074,276.03
World,OWID_WRL,-125554,276.88
World,OWID_WRL,-125364,275.78
World,OWID_WRL,-125012,274.93
World,OWID_WRL,-124750,273.02
World,OWID_WRL,-124064,275.15
World,OWID_WRL,-123343,276.81
World,OWID_WRL,-122867,275.52
World,OWID_WRL,-122455,281.54
World,OWID_WRL,-122009,275.87
World,OWID_WRL,-121681,274.6
World,OWID_WRL,-121064,279.16
World,OWID_WRL,-120342,279
World,OWID_WRL,-120150,278.25
World,OWID_WRL,-119892,276.61
World,OWID_WRL,-119476,279.48
World,OWID_WRL,-118593,276.82
World,OWID_WRL,-118194,268.73
World,OWID_WRL,-117766,274.59
World,OWID_WRL,-117293,267.74
World,OWID_WRL,-116708,277.72
World,OWID_WRL,-115669,274.98
World,OWID_WRL,-115236,274.03
World,OWID_WRL,-114526,273.63
World,OWID_WRL,-113959,273.16
World,OWID_WRL,-113497,276.96
World,OWID_WRL,-112865,275.07
World,OWID_WRL,-112300,267.9
World,OWID_WRL,-111729,260.58
World,OWID_WRL,-111169,264.75
World,OWID_WRL,-110992,263.12
World,OWID_WRL,-110686,256.79
World,OWID_WRL,-109927,257.93
World,OWID_WRL,-108605,246.69
World,OWID_WRL,-107890,244.13
World,OWID_WRL,-107179,244.44
World,OWID_WRL,-106452,236.43
World,OWID_WRL,-105025,240.34
World,OWID_WRL,-104418,244.83
World,OWID_WRL,-104306,241.4
World,OWID_WRL,-104040,257.58
World,OWID_WRL,-103557,248.78
World,OWID_WRL,-103016,242.36
World,OWID_WRL,-102381,238.88
World,OWID_WRL,-102324,247.76
World,OWID_WRL,-101359,240.68
World,OWID_WRL,-100815,237.07
World,OWID_WRL,-100022,240.07
World,OWID_WRL,-99376,244.76
World,OWID_WRL,-98593,247.87
World,OWID_WRL,-98127,245.63
World,OWID_WRL,-97411,242.99
World,OWID_WRL,-96634,243.18
World,OWID_WRL,-95977,239.86
World,OWID_WRL,-95321,242.35
World,OWID_WRL,-94525,245.76
World,OWID_WRL,-93971,246.2
World,OWID_WRL,-93284,242.91
World,OWID_WRL,-92619,242.41
World,OWID_WRL,-91873,238.21
World,OWID_WRL,-91475,235.16
World,OWID_WRL,-90718,232.46
World,OWID_WRL,-90000,233.74
World,OWID_WRL,-89495,231.12
World,OWID_WRL,-88884,231.56
World,OWID_WRL,-88367,229.74
World,OWID_WRL,-87746,228.88
World,OWID_WRL,-87295,227.38
World,OWID_WRL,-86751,223.99
World,OWID_WRL,-86186,217.8
World,OWID_WRL,-85631,223.63
World,OWID_WRL,-85078,221.06
World,OWID_WRL,-84548,223.38
World,OWID_WRL,-83941,228.76
World,OWID_WRL,-83417,234.69
World,OWID_WRL,-82987,238.42
World,OWID_WRL,-82407,243.16
World,OWID_WRL,-81991,250.79
World,OWID_WRL,-81604,247.1
World,OWID_WRL,-81038,246.32
World,OWID_WRL,-80577,240.87
World,OWID_WRL,-80119,238.89
World,OWID_WRL,-79761,234.13
World,OWID_WRL,-79257,230.33
World,OWID_WRL,-78772,233.92
World,OWID_WRL,-78380,230.6
World,OWID_WRL,-77928,234.74
World,OWID_WRL,-77460,229.26
World,OWID_WRL,-77020,227.3
World,OWID_WRL,-76558,224.14
World,OWID_WRL,-76131,226.65
World,OWID_WRL,-75666,224.92
World,OWID_WRL,-75106,231.68
World,OWID_WRL,-74747,238.01
World,OWID_WRL,-74297,239.34
World,OWID_WRL,-73901,249.94
World,OWID_WRL,-73595,249.52
World,OWID_WRL,-73118,243.27
World,OWID_WRL,-72576,241.24
World,OWID_WRL,-72271,231.33
World,OWID_WRL,-71801,232.74
World,OWID_WRL,-71269,230.89
World,OWID_WRL,-70916,232.33
World,OWID_WRL,-70540,232.79
World,OWID_WRL,-70143,239.46
World,OWID_WRL,-69744,237.56
World,OWID_WRL,-69329,235.02
World,OWID_WRL,-68979,225.17
World,OWID_WRL,-68477,220.33
World,OWID_WRL,-68102,215.55
World,OWID_WRL,-67642,211.26
World,OWID_WRL,-67132,205.42
World,OWID_WRL,-66670,203.43
World,OWID_WRL,-66196,200.17
World,OWID_WRL,-65780,203.76
World,OWID_WRL,-65365,201.14
World,OWID_WRL,-65010,207.21
World,OWID_WRL,-64489,204.39
World,OWID_WRL,-63987,200.59
World,OWID_WRL,-63815,198.17
World,OWID_WRL,-63596,208.98
World,OWID_WRL,-63097,199.17
World,OWID_WRL,-62917,201.67
World,OWID_WRL,-62707,203.7
World,OWID_WRL,-62164,199.73
World,OWID_WRL,-61947,197.24
World,OWID_WRL,-61606,197.4
World,OWID_WRL,-61011,200.15
World,OWID_WRL,-60825,202.71
World,OWID_WRL,-60602,202.56
World,OWID_WRL,-59951,206.38
World,OWID_WRL,-59604,210.9
World,OWID_WRL,-59285,210.57
World,OWID_WRL,-59111,207.95
World,OWID_WRL,-58868,213.78
World,OWID_WRL,-58567,217.25
World,OWID_WRL,-58423,212.87
World,OWID_WRL,-58160,216.66
World,OWID_WRL,-57783,223.45
World,OWID_WRL,-57430,226.35
World,OWID_WRL,-57155,231.29
World,OWID_WRL,-56483,223.15
World,OWID_WRL,-56267,224.35
World,OWID_WRL,-55894,223.72
World,OWID_WRL,-55526,217.38
World,OWID_WRL,-55261,215.7
World,OWID_WRL,-54554,212.44
World,OWID_WRL,-54287,207.67
World,OWID_WRL,-53960,210.27
World,OWID_WRL,-53603,214.78
World,OWID_WRL,-53343,208.19
World,OWID_WRL,-53064,216.86
World,OWID_WRL,-52745,213.89
World,OWID_WRL,-52437,217.96
World,OWID_WRL,-52207,220.37
World,OWID_WRL,-51856,221.14
World,OWID_WRL,-51450,223.26
World,OWID_WRL,-51158,223.72
World,OWID_WRL,-50851,221.15
World,OWID_WRL,-50624,220.72
World,OWID_WRL,-50435,219.08
World,OWID_WRL,-50137,213.82
World,OWID_WRL,-49830,215.08
World,OWID_WRL,-49481,211.57
World,OWID_WRL,-49079,207.64
World,OWID_WRL,-48577,207.41
World,OWID_WRL,-48271,206.74
World,OWID_WRL,-48057,204.38
World,OWID_WRL,-47778,203.87
World,OWID_WRL,-47513,204.06
World,OWID_WRL,-47353,200.12
World,OWID_WRL,-47038,201.58
World,OWID_WRL,-46478,200.98
World,OWID_WRL,-46273,206.18
World,OWID_WRL,-45994,205.66
World,OWID_WRL,-45760,203.79
World,OWID_WRL,-45574,204.26
World,OWID_WRL,-45365,207.6
World,OWID_WRL,-45136,210.27
World,OWID_WRL,-44938,210.84
World,OWID_WRL,-44796,214.18
World,OWID_WRL,-44686,216.42
World,OWID_WRL,-44359,218.35
World,OWID_WRL,-44231,219.25
World,OWID_WRL,-44107,221.77
World,OWID_WRL,-43927,222.72
World,OWID_WRL,-43746,217.51
World,OWID_WRL,-43510,214.5
World,OWID_WRL,-43330,213.92
World,OWID_WRL,-43192,207.95
World,OWID_WRL,-43046,211.49
World,OWID_WRL,-42866,210.44
World,OWID_WRL,-42706,212.29
World,OWID_WRL,-42541,204.83
World,OWID_WRL,-42400,206.22
World,OWID_WRL,-42254,202
World,OWID_WRL,-42145,204.31
World,OWID_WRL,-41859,201.69
World,OWID_WRL,-41711,203.18
World,OWID_WRL,-41566,204.22
World,OWID_WRL,-41401,201.66
World,OWID_WRL,-41222,203.16
World,OWID_WRL,-41018,204.26
World,OWID_WRL,-40900,206.35
World,OWID_WRL,-40678,204.83
World,OWID_WRL,-40366,200.9
World,OWID_WRL,-39951,199.89
World,OWID_WRL,-39809,201.12
World,OWID_WRL,-39656,205.49
World,OWID_WRL,-39354,204.19
World,OWID_WRL,-39218,201.53
World,OWID_WRL,-38957,200.97
World,OWID_WRL,-38804,200.47
World,OWID_WRL,-38603,201.48
World,OWID_WRL,-38536,201.32
World,OWID_WRL,-38358,197.9
World,OWID_WRL,-38195,193.69
World,OWID_WRL,-38162,193.08
World,OWID_WRL,-38093,192.6
World,OWID_WRL,-37951,197.55
World,OWID_WRL,-37935,193.87
World,OWID_WRL,-37807,193.58
World,OWID_WRL,-37759,196.67
World,OWID_WRL,-37671,195.7
World,OWID_WRL,-37565,200.4
World,OWID_WRL,-37504,198.14
World,OWID_WRL,-37453,191.53
World,OWID_WRL,-37429,204.78
World,OWID_WRL,-37390,207.87
World,OWID_WRL,-37370,209.33
World,OWID_WRL,-37353,209.5
World,OWID_WRL,-37316,208.69
World,OWID_WRL,-37171,207.32
World,OWID_WRL,-37104,204.28
World,OWID_WRL,-37027,202.34
World,OWID_WRL,-37006,205.99
World,OWID_WRL,-36925,205.65
World,OWID_WRL,-36863,206.09
World,OWID_WRL,-36773,206.54
World,OWID_WRL,-36721,204.46
World,OWID_WRL,-36672,204.79
World,OWID_WRL,-36624,208.23
World,OWID_WRL,-36583,210.08
World,OWID_WRL,-36523,207.23
World,OWID_WRL,-36463,210.79
World,OWID_WRL,-36409,208
World,OWID_WRL,-36334,207.41
World,OWID_WRL,-36242,206.52
World,OWID_WRL,-36216,208.34
World,OWID_WRL,-36139,214.36
World,OWID_WRL,-36050,211.21
World,OWID_WRL,-35945,214.21
World,OWID_WRL,-35827,212.09
World,OWID_WRL,-35698,212.14
World,OWID_WRL,-35669,214.3
World,OWID_WRL,-35511,209.84
World,OWID_WRL,-35481,212.51
World,OWID_WRL,-35388,206.59
World,OWID_WRL,-35352,209.66
World,OWID_WRL,-35347,208.25
World,OWID_WRL,-35193,207.35
World,OWID_WRL,-35169,210.16
World,OWID_WRL,-35073,206.36
World,OWID_WRL,-34990,203.51
World,OWID_WRL,-34870,202.76
World,OWID_WRL,-34763,203.75
World,OWID_WRL,-34720,203.77
World,OWID_WRL,-34642,205.1
World,OWID_WRL,-34556,198.96
World,OWID_WRL,-34312,200.09
World,OWID_WRL,-34223,201.78
World,OWID_WRL,-34137,204.12
World,OWID_WRL,-33998,198.8
World,OWID_WRL,-33905,203.29
World,OWID_WRL,-33752,200.5
World,OWID_WRL,-33723,201.81
World,OWID_WRL,-33618,201.83
World,OWID_WRL,-33581,201.89
World,OWID_WRL,-33559,202.04
World,OWID_WRL,-33547,201.06
World,OWID_WRL,-33496,200.3
World,OWID_WRL,-33433,201.36
World,OWID_WRL,-33409,203.62
World,OWID_WRL,-33387,204.47
World,OWID_WRL,-33332,205.38
World,OWID_WRL,-33216,203.6
World,OWID_WRL,-33140,198.78
World,OWID_WRL,-32917,203.09
World,OWID_WRL,-32876,202.8
World,OWID_WRL,-32761,197.16
World,OWID_WRL,-32698,198.89
World,OWID_WRL,-32670,200.29
World,OWID_WRL,-32653,199.49
World,OWID_WRL,-32607,199.65
World,OWID_WRL,-32384,196.2
World,OWID_WRL,-32363,196.27
World,OWID_WRL,-32301,195.79
World,OWID_WRL,-32240,194.89
World,OWID_WRL,-32114,195.93
World,OWID_WRL,-32042,195.41
World,OWID_WRL,-32007,196.47
World,OWID_WRL,-31976,194.47
World,OWID_WRL,-31958,194.46
World,OWID_WRL,-31936,195.27
World,OWID_WRL,-31891,195.63
World,OWID_WRL,-31808,200.03
World,OWID_WRL,-31605,197.8
World,OWID_WRL,-31541,197.13
World,OWID_WRL,-31468,196.9
World,OWID_WRL,-31198,197.65
World,OWID_WRL,-31059,196.33
World,OWID_WRL,-30931,196.7
World,OWID_WRL,-30863,199.3
World,OWID_WRL,-30764,195.94
World,OWID_WRL,-30728,195.08
World,OWID_WRL,-30645,194.43
World,OWID_WRL,-30561,194.61
World,OWID_WRL,-30485,194.11
World,OWID_WRL,-30411,195.25
World,OWID_WRL,-30358,192.47
World,OWID_WRL,-30201,196.91
World,OWID_WRL,-30198,196.42
World,OWID_WRL,-30130,193.91
World,OWID_WRL,-30077,193.33
World,OWID_WRL,-29984,192.51
World,OWID_WRL,-29868,192.93
World,OWID_WRL,-29842,193.71
World,OWID_WRL,-29574,189.95
World,OWID_WRL,-29406,188.48
World,OWID_WRL,-29155,188
World,OWID_WRL,-28826,190.33
World,OWID_WRL,-28763,187.14
World,OWID_WRL,-28579,182.94
World,OWID_WRL,-28451,184.3
World,OWID_WRL,-28363,185.99
World,OWID_WRL,-28328,186.52
World,OWID_WRL,-28232,188.48
World,OWID_WRL,-28152,188.25
World,OWID_WRL,-28049,191.57
World,OWID_WRL,-28002,191.38
World,OWID_WRL,-27888,190.97
World,OWID_WRL,-27793,191.28
World,OWID_WRL,-27731,189.77
World,OWID_WRL,-27659,189.24
World,OWID_WRL,-27460,189.21
World,OWID_WRL,-27416,189.83
World,OWID_WRL,-27374,191.01
World,OWID_WRL,-27300,192.39
World,OWID_WRL,-27255,188.1
World,OWID_WRL,-27201,192.26
World,OWID_WRL,-27059,192.87
World,OWID_WRL,-26999,193.26
World,OWID_WRL,-26953,192.69
World,OWID_WRL,-26892,193.89
World,OWID_WRL,-26774,193.8
World,OWID_WRL,-26676,192.82
World,OWID_WRL,-26627,193.1
World,OWID_WRL,-26477,189.65
World,OWID_WRL,-26464,189.16
World,OWID_WRL,-26420,192.63
World,OWID_WRL,-26322,191.59
World,OWID_WRL,-26264,191.82
World,OWID_WRL,-26147,189.96
World,OWID_WRL,-26023,189.29
World,OWID_WRL,-25977,188.99
World,OWID_WRL,-25935,189.28
World,OWID_WRL,-25916,190.58
World,OWID_WRL,-25871,187.59
World,OWID_WRL,-25769,189.3
World,OWID_WRL,-25764,190.61
World,OWID_WRL,-25737,192.71
World,OWID_WRL,-25711,191.46
World,OWID_WRL,-25636,191.95
World,OWID_WRL,-25600,191.53
World,OWID_WRL,-25553,191.23
World,OWID_WRL,-25492,191.95
World,OWID_WRL,-25330,190.06
World,OWID_WRL,-25220,194.93
World,OWID_WRL,-25135,186.27
World,OWID_WRL,-25092,187.39
World,OWID_WRL,-25005,188.08
World,OWID_WRL,-24908,186.43
World,OWID_WRL,-24754,185.44
World,OWID_WRL,-24587,185.51
World,OWID_WRL,-24511,186.01
World,OWID_WRL,-24365,183.77
World,OWID_WRL,-24305,184.57
World,OWID_WRL,-24066,184.52
World,OWID_WRL,-23836,186.54
World,OWID_WRL,-23594,183.38
World,OWID_WRL,-23401,182.66
World,OWID_WRL,-23214,180.69
World,OWID_WRL,-22694,180.57
World,OWID_WRL,-22320,186.73
World,OWID_WRL,-22128,184.68
World,OWID_WRL,-21924,183.13
World,OWID_WRL,-21651,187.99
World,OWID_WRL,-21495,186.78
World,OWID_WRL,-21408,193.53
World,OWID_WRL,-21327,197.67
World,OWID_WRL,-21235,188.6
World,OWID_WRL,-21157,190.08
World,OWID_WRL,-21064,190.53
World,OWID_WRL,-21044,189.4
World,OWID_WRL,-20884,186.13
World,OWID_WRL,-20799,190.01
World,OWID_WRL,-20701,188.49
World,OWID_WRL,-20654,185.21
World,OWID_WRL,-20600,184.68
World,OWID_WRL,-20398,187.02
World,OWID_WRL,-20342,187.22
World,OWID_WRL,-20281,191.27
World,OWID_WRL,-20106,187.38
World,OWID_WRL,-19964,190.78
World,OWID_WRL,-19841,187.96
World,OWID_WRL,-19613,185.23
World,OWID_WRL,-19395,187.24
World,OWID_WRL,-19263,190.05
World,OWID_WRL,-19118,188.4
World,OWID_WRL,-19014,190.87
World,OWID_WRL,-18878,192.66
World,OWID_WRL,-18716,187.76
World,OWID_WRL,-18587,193.93
World,OWID_WRL,-18458,189.99
World,OWID_WRL,-18263,190.47
World,OWID_WRL,-18069,193.72
World,OWID_WRL,-17934,196.06
World,OWID_WRL,-17841,193.6
World,OWID_WRL,-17679,191.42
World,OWID_WRL,-17618,188.95
World,OWID_WRL,-17493,191.52
World,OWID_WRL,-17332,191.58
World,OWID_WRL,-17203,191.09
World,OWID_WRL,-17044,192.71
World,OWID_WRL,-16917,188.5
World,OWID_WRL,-16885,188.44
World,OWID_WRL,-16854,192.97
World,OWID_WRL,-16797,191.27
World,OWID_WRL,-16727,193.9
World,OWID_WRL,-16633,188.57
World,OWID_WRL,-16570,187.67
World,OWID_WRL,-16537,187.09
World,OWID_WRL,-16508,187.45
World,OWID_WRL,-16472,188.47
World,OWID_WRL,-16441,188.21
World,OWID_WRL,-16410,188.73
World,OWID_WRL,-16374,187.12
World,OWID_WRL,-16346,189.03
World,OWID_WRL,-16315,188.52
World,OWID_WRL,-16282,188.88
World,OWID_WRL,-16252,185.65
World,OWID_WRL,-16223,189.01
World,OWID_WRL,-16190,184.88
World,OWID_WRL,-16161,188.59
World,OWID_WRL,-16132,188.64
World,OWID_WRL,-16100,187.73
World,OWID_WRL,-16074,187.79
World,OWID_WRL,-16042,188.96
World,OWID_WRL,-16016,188.66
World,OWID_WRL,-15986,188.54
World,OWID_WRL,-15957,191.72
World,OWID_WRL,-15931,190.26
World,OWID_WRL,-15905,189.52
World,OWID_WRL,-15875,191.21
World,OWID_WRL,-15848,187.25
World,OWID_WRL,-15820,191.7
World,OWID_WRL,-15794,190.41
World,OWID_WRL,-15767,189.52
World,OWID_WRL,-15741,191.52
World,OWID_WRL,-15715,194.38
World,OWID_WRL,-15688,193.21
World,OWID_WRL,-15662,195.79
World,OWID_WRL,-15636,196.96
World,OWID_WRL,-15611,192.62
World,OWID_WRL,-15585,192.37
World,OWID_WRL,-15561,191.59
World,OWID_WRL,-15535,191.48
World,OWID_WRL,-15511,193
World,OWID_WRL,-15485,190.76
World,OWID_WRL,-15460,191.89
World,OWID_WRL,-15435,193.02
World,OWID_WRL,-15410,190.5
World,OWID_WRL,-15362,194.65
World,OWID_WRL,-15338,195.88
World,OWID_WRL,-15286,198.29
World,OWID_WRL,-15214,198.63
World,OWID_WRL,-15142,202.1
World,OWID_WRL,-15045,204.32
World,OWID_WRL,-14979,202.93
World,OWID_WRL,-14919,205.19
World,OWID_WRL,-14848,205.53
World,OWID_WRL,-14784,210.25
World,OWID_WRL,-14706,213.15
World,OWID_WRL,-14640,208.46
World,OWID_WRL,-14604,208.65
World,OWID_WRL,-14560,207.95
World,OWID_WRL,-14522,213.94
World,OWID_WRL,-14508,217.19
World,OWID_WRL,-14481,211.79
World,OWID_WRL,-14461,212.95
World,OWID_WRL,-14442,209.51
World,OWID_WRL,-14425,211.21
World,OWID_WRL,-14404,214.83
World,OWID_WRL,-14387,212.43
World,OWID_WRL,-14367,214.6
World,OWID_WRL,-14347,212.84
World,OWID_WRL,-14329,214.22
World,OWID_WRL,-14311,218.56
World,OWID_WRL,-14291,220.49
World,OWID_WRL,-14273,223.24
World,OWID_WRL,-14259,227.32
World,OWID_WRL,-14237,221.49
World,OWID_WRL,-14217,226.19
World,OWID_WRL,-14201,224.86
World,OWID_WRL,-14164,222.41
World,OWID_WRL,-14133,224.24
World,OWID_WRL,-14084,224.48
World,OWID_WRL,-14065,222.39
World,OWID_WRL,-14049,224.41
World,OWID_WRL,-14045,223.72
World,OWID_WRL,-13987,223.77
World,OWID_WRL,-13970,223.51
World,OWID_WRL,-13895,222.36
World,OWID_WRL,-13818,224.86
World,OWID_WRL,-13755,222.16
World,OWID_WRL,-13699,222.76
World,OWID_WRL,-13596,223.53
World,OWID_WRL,-13513,223.27
World,OWID_WRL,-13460,224.74
World,OWID_WRL,-13433,225.39
World,OWID_WRL,-13395,228.92
World,OWID_WRL,-13371,227.64
World,OWID_WRL,-13331,225.77
World,OWID_WRL,-13293,228.27
World,OWID_WRL,-13269,230.18
World,OWID_WRL,-13231,227.84
World,OWID_WRL,-13207,228.81
World,OWID_WRL,-13184,229.67
World,OWID_WRL,-13146,234.47
World,OWID_WRL,-13123,228.99
World,OWID_WRL,-13085,225.38
World,OWID_WRL,-13061,228.37
World,OWID_WRL,-13037,227.65
World,OWID_WRL,-13026,229.79
World,OWID_WRL,-13004,228.89
World,OWID_WRL,-12979,228.47
World,OWID_WRL,-12966,228.36
World,OWID_WRL,-12954,228.72
World,OWID_WRL,-12942,230.63
World,OWID_WRL,-12931,227.85
World,OWID_WRL,-12919,232.22
World,OWID_WRL,-12908,233.17
World,OWID_WRL,-12895,227.87
World,OWID_WRL,-12885,228.4
World,OWID_WRL,-12872,226.51
World,OWID_WRL,-12861,227.58
World,OWID_WRL,-12849,228.5
World,OWID_WRL,-12838,227.79
World,OWID_WRL,-12826,227.39
World,OWID_WRL,-12813,224.64
World,OWID_WRL,-12809,227.9
World,OWID_WRL,-12793,231.48
World,OWID_WRL,-12781,234.54
World,OWID_WRL,-12768,230.53
World,OWID_WRL,-12757,228.18
World,OWID_WRL,-12747,228.91
World,OWID_WRL,-12736,237.49
World,OWID_WRL,-12725,234.34
World,OWID_WRL,-12714,233.42
World,OWID_WRL,-12702,234.62
World,OWID_WRL,-12695,238.12
World,OWID_WRL,-12680,240.1
World,OWID_WRL,-12669,237.97
World,OWID_WRL,-12656,237.59
World,OWID_WRL,-12645,235.31
World,OWID_WRL,-12636,237.97
World,OWID_WRL,-12626,239.77
World,OWID_WRL,-12614,239.86
World,OWID_WRL,-12603,241.73
World,OWID_WRL,-12592,235.83
World,OWID_WRL,-12581,243.17
World,OWID_WRL,-12571,241.14
World,OWID_WRL,-12547,242.06
World,OWID_WRL,-12514,238.61
World,OWID_WRL,-12493,240.95
World,OWID_WRL,-12472,242.6
World,OWID_WRL,-12461,242.55
World,OWID_WRL,-12425,240.33
World,OWID_WRL,-12404,238.39
World,OWID_WRL,-12393,242.08
World,OWID_WRL,-12359,235.8
World,OWID_WRL,-12349,239.04
World,OWID_WRL,-12323,240.21
World,OWID_WRL,-12287,236.6
World,OWID_WRL,-12256,238.36
World,OWID_WRL,-12230,239.36
World,OWID_WRL,-12207,239.24
World,OWID_WRL,-12170,236.4
World,OWID_WRL,-12134,232.88
World,OWID_WRL,-12110,241.27
World,OWID_WRL,-12073,237.87
World,OWID_WRL,-12052,235.92
World,OWID_WRL,-11990,240.57
World,OWID_WRL,-11922,237.95
World,OWID_WRL,-11877,239.08
World,OWID_WRL,-11809,241.11
World,OWID_WRL,-11763,241.59
World,OWID_WRL,-11695,238.55
World,OWID_WRL,-11651,243.86
World,OWID_WRL,-11582,235.83
World,OWID_WRL,-11537,240.25
World,OWID_WRL,-11468,237.83
World,OWID_WRL,-11354,236.86
World,OWID_WRL,-11317,240.42
World,OWID_WRL,-11266,239.41
World,OWID_WRL,-11223,236.91
World,OWID_WRL,-11178,234.82
World,OWID_WRL,-11138,241.56
World,OWID_WRL,-11117,237.91
World,OWID_WRL,-11094,238.86
World,OWID_WRL,-11072,234.68
World,OWID_WRL,-11051,239.42
World,OWID_WRL,-11031,237.15
World,OWID_WRL,-11010,240.71
World,OWID_WRL,-10989,238.18
World,OWID_WRL,-10967,238.79
World,OWID_WRL,-10943,239.44
World,OWID_WRL,-10924,241.24
World,OWID_WRL,-10903,239.35
World,OWID_WRL,-10880,242.15
World,OWID_WRL,-10859,242.23
World,OWID_WRL,-10836,241.5
World,OWID_WRL,-10813,240.02
World,OWID_WRL,-10790,247.3
World,OWID_WRL,-10770,241.59
World,OWID_WRL,-10747,244.24
World,OWID_WRL,-10724,242.53
World,OWID_WRL,-10704,243.95
World,OWID_WRL,-10680,246.94
World,OWID_WRL,-10658,248.09
World,OWID_WRL,-10637,247.02
World,OWID_WRL,-10615,244.27
World,OWID_WRL,-10594,249.92
World,OWID_WRL,-10571,246.74
World,OWID_WRL,-10546,244.42
World,OWID_WRL,-10525,246.18
World,OWID_WRL,-10505,245.83
World,OWID_WRL,-10482,247.67
World,OWID_WRL,-10459,246.4
World,OWID_WRL,-10438,243
World,OWID_WRL,-10415,244.31
World,OWID_WRL,-10393,246.97
World,OWID_WRL,-10371,250.73
World,OWID_WRL,-10351,248.92
World,OWID_WRL,-10331,249.38
World,OWID_WRL,-10306,248.95
World,OWID_WRL,-10283,249.23
World,OWID_WRL,-10261,249.65
World,OWID_WRL,-10240,250.97
World,OWID_WRL,-10218,251.42
World,OWID_WRL,-10196,251.14
World,OWID_WRL,-10175,253.02
World,OWID_WRL,-10155,255.66
World,OWID_WRL,-10130,251.03
World,OWID_WRL,-10109,253.1
World,OWID_WRL,-10087,248.41
World,OWID_WRL,-10066,247.85
World,OWID_WRL,-10041,255.39
World,OWID_WRL,-10020,253.99
World,OWID_WRL,-9998,248.92
World,OWID_WRL,-9977,258.57
World,OWID_WRL,-9955,255.9
World,OWID_WRL,-9933,251.56
World,OWID_WRL,-9913,253.63
World,OWID_WRL,-9893,254.31
World,OWID_WRL,-9871,257.17
World,OWID_WRL,-9853,258.53
World,OWID_WRL,-9831,258.25
World,OWID_WRL,-9809,258.74
World,OWID_WRL,-9791,255.89
World,OWID_WRL,-9770,256.04
World,OWID_WRL,-9751,253.99
World,OWID_WRL,-9733,254.62
World,OWID_WRL,-9715,247.55
World,OWID_WRL,-9698,257.13
World,OWID_WRL,-9679,266.22
World,OWID_WRL,-9661,261.3
World,OWID_WRL,-9642,260.7
World,OWID_WRL,-9626,267.09
World,OWID_WRL,-9610,262.74
World,OWID_WRL,-9594,266.9
World,OWID_WRL,-9574,269.51
World,OWID_WRL,-9557,267.66
World,OWID_WRL,-9540,267.17
World,OWID_WRL,-9523,269.1
World,OWID_WRL,-9503,268.87
World,OWID_WRL,-9486,270.14
World,OWID_WRL,-9467,264.48
World,OWID_WRL,-9450,268.16
World,OWID_WRL,-9433,264.84
World,OWID_WRL,-9389,264.81
World,OWID_WRL,-9367,264.1
World,OWID_WRL,-9307,264.4
World,OWID_WRL,-9251,265.3
World,OWID_WRL,-9236,265
World,OWID_WRL,-9211,264.8
World,OWID_WRL,-9140,264.8
World,OWID_WRL,-9004,267.6
World,OWID_WRL,-8886,265.1
World,OWID_WRL,-8852,266
World,OWID_WRL,-8730,266.9
World,OWID_WRL,-8556,267.5
World,OWID_WRL,-8417,264.9
World,OWID_WRL,-8350,265.7
World,OWID_WRL,-8243,263.4
World,OWID_WRL,-8185,264
World,OWID_WRL,-8043,264.2
World,OWID_WRL,-7951,264.4
World,OWID_WRL,-7623,263.8
World,OWID_WRL,-7606,263
World,OWID_WRL,-7574,260.9
World,OWID_WRL,-7568,260.6
World,OWID_WRL,-7487,265.2
World,OWID_WRL,-7411,263.8
World,OWID_WRL,-7345,263.7
World,OWID_WRL,-7193,262
World,OWID_WRL,-7110,259.3
World,OWID_WRL,-7043,260.4
World,OWID_WRL,-6962,260.9
World,OWID_WRL,-6831,259
World,OWID_WRL,-6761,261.8
World,OWID_WRL,-6597,260.7
World,OWID_WRL,-6510,261.3
World,OWID_WRL,-6402,258.3
World,OWID_WRL,-6245,259.3
World,OWID_WRL,-6166,259.6
World,OWID_WRL,-6026,260.8
World,OWID_WRL,-5976,259.2
World,OWID_WRL,-5910,259.7
World,OWID_WRL,-5770,260.4
World,OWID_WRL,-5711,260.1
World,OWID_WRL,-5548,258.4
World,OWID_WRL,-5455,260.7
World,OWID_WRL,-5324,263
World,OWID_WRL,-5238,262.3
World,OWID_WRL,-5088,257.6
World,OWID_WRL,-5020,258.1
World,OWID_WRL,-4930,262.9
World,OWID_WRL,-4820,262.1
World,OWID_WRL,-4733,259.4
World,OWID_WRL,-4622,261.1
World,OWID_WRL,-4451,261.2
World,OWID_WRL,-4387,262.7
World,OWID_WRL,-4352,263.2
World,OWID_WRL,-4140,265.5
World,OWID_WRL,-4049,266.7
World,OWID_WRL,-3984,260.7
World,OWID_WRL,-3902,265.5
World,OWID_WRL,-3808,265.9
World,OWID_WRL,-3631,267.6
World,OWID_WRL,-3583,265.2
World,OWID_WRL,-3408,265.3
World,OWID_WRL,-3361,267.6
World,OWID_WRL,-3269,269.8
World,OWID_WRL,-3137,268.6
World,OWID_WRL,-3032,269.3
World,OWID_WRL,-2971,270.7
World,OWID_WRL,-2823,271.5
World,OWID_WRL,-2697,269.8
World,OWID_WRL,-2643,269.1
World,OWID_WRL,-2544,271.1
World,OWID_WRL,-2393,271.5
World,OWID_WRL,-2325,272.8
World,OWID_WRL,-2256,271.6
World,OWID_WRL,-2159,271.7
World,OWID_WRL,-2019,274.9
World,OWID_WRL,-1906,275.4
World,OWID_WRL,-1857,271.5
World,OWID_WRL,-1743,273
World,OWID_WRL,-1694,273.4
World,OWID_WRL,-1578,275
World,OWID_WRL,-1481,274
World,OWID_WRL,-1334,273.1
World,OWID_WRL,-1306,276.3
World,OWID_WRL,-1107,274.6
World,OWID_WRL,-999,276.3
World,OWID_WRL,-955,274.7
World,OWID_WRL,-852,275.3
World,OWID_WRL,-758,278.9
World,OWID_WRL,-678,273.9
World,OWID_WRL,-576,277.9
World,OWID_WRL,-464,277.6
World,OWID_WRL,-316,276.7
World,OWID_WRL,-284,276.7
World,OWID_WRL,-143,276.9
World,OWID_WRL,-50,278
World,OWID_WRL,1,276.7
World,OWID_WRL,30,277.9
World,OWID_WRL,56,277.4
World,OWID_WRL,104,277.5
World,OWID_WRL,136,278.1
World,OWID_WRL,154,278.07
World,OWID_WRL,175,277.56
World,OWID_WRL,241,280.25
World,OWID_WRL,266,278.31
World,OWID_WRL,274,280.24
World,OWID_WRL,296,280.91
World,OWID_WRL,318,281.69
World,OWID_WRL,357,277.8
World,OWID_WRL,384,277.25
World,OWID_WRL,406,279.13
World,OWID_WRL,437,280
World,OWID_WRL,488,277.11
World,OWID_WRL,518,276.79
World,OWID_WRL,552,276.56
World,OWID_WRL,557,278.46
World,OWID_WRL,582,276.2
World,OWID_WRL,615,277.87
World,OWID_WRL,637,279.59
World,OWID_WRL,669,278.45
World,OWID_WRL,701,277.1
World,OWID_WRL,730,279.99
World,OWID_WRL,762,279.29
World,OWID_WRL,793,279.72
World,OWID_WRL,822,278.62
World,OWID_WRL,875,279.42
World,OWID_WRL,914,280.11
World,OWID_WRL,958,277.41
World,OWID_WRL,983,278.74
World,OWID_WRL,1018,279.8
World,OWID_WRL,1019,280.06
World,OWID_WRL,1040,280.92
World,OWID_WRL,1049,280.97
World,OWID_WRL,1070,282.84
World,OWID_WRL,1099,283.09
World,OWID_WRL,1116,282.84
World,OWID_WRL,1146,284.51
World,OWID_WRL,1166,283.97
World,OWID_WRL,1200,284.54
World,OWID_WRL,1211,283.69
World,OWID_WRL,1251,282.41
World,OWID_WRL,1260,282.2
World,OWID_WRL,1278,278.43
World,OWID_WRL,1307,281.58
World,OWID_WRL,1330,284.07
World,OWID_WRL,1349,278.36
World,OWID_WRL,1390,280.91
World,OWID_WRL,1411,279.7
World,OWID_WRL,1429,279.73
World,OWID_WRL,1449,282.23
World,OWID_WRL,1469,280.31
World,OWID_WRL,1502,283.12
World,OWID_WRL,1530,283.95
World,OWID_WRL,1550,283.53
World,OWID_WRL,1560,281.83
World,OWID_WRL,1573,282.57
World,OWID_WRL,1588,281.11
World,OWID_WRL,1591,279.36
World,OWID_WRL,1603,275.07
World,OWID_WRL,1609,271.11
World,OWID_WRL,1629,273.78
World,OWID_WRL,1640,276.69
World,OWID_WRL,1649,278.02
World,OWID_WRL,1682,276.66
World,OWID_WRL,1690,276.32
World,OWID_WRL,1694,277.36
World,OWID_WRL,1723,277.64
World,OWID_WRL,1734,278.31
World,OWID_WRL,1741,276.81
World,OWID_WRL,1749,277.6
World,OWID_WRL,1752,277.23
World,OWID_WRL,1763,277.16
World,OWID_WRL,1764,276.4
World,OWID_WRL,1773,277.86
World,OWID_WRL,1779,280.24
World,OWID_WRL,1780,273.07
World,OWID_WRL,1794,281.62
World,OWID_WRL,1796,281.35
World,OWID_WRL,1799,282.8
World,OWID_WRL,1814,284.43
World,OWID_WRL,1825,281.36
World,OWID_WRL,1827,285.91
World,OWID_WRL,1833,284.45
World,OWID_WRL,1837,284.15
World,OWID_WRL,1841,283.65
World,OWID_WRL,1843,281.58
World,OWID_WRL,1844,283.53
World,OWID_WRL,1845,283.18
World,OWID_WRL,1846,283.62
World,OWID_WRL,1847,286.84
World,OWID_WRL,1850,284
World,OWID_WRL,1851,287.13
World,OWID_WRL,1854,288.05
World,OWID_WRL,1855,285.57
World,OWID_WRL,1857,283.16
World,OWID_WRL,1859,286.63
World,OWID_WRL,1862,287.17
World,OWID_WRL,1863,285.35
World,OWID_WRL,1864,286.65
World,OWID_WRL,1867,285.05
World,OWID_WRL,1868,288.76
World,OWID_WRL,1870,287.16
World,OWID_WRL,1873,286.66
World,OWID_WRL,1874,291.56
World,OWID_WRL,1877,289.33
World,OWID_WRL,1880,287.77
World,OWID_WRL,1883,292.46
World,OWID_WRL,1884,289.49
World,OWID_WRL,1886,288.12
World,OWID_WRL,1887,294.34
World,OWID_WRL,1889,292.34
World,OWID_WRL,1890,290.92
World,OWID_WRL,1892,295.17
World,OWID_WRL,1893,295.09
World,OWID_WRL,1894,293.49
World,OWID_WRL,1899,296.16
World,OWID_WRL,1900,294.22
World,OWID_WRL,1902,295.61
World,OWID_WRL,1904,295.99
World,OWID_WRL,1905,299.02
World,OWID_WRL,1906,298.48
World,OWID_WRL,1909,301.5
World,OWID_WRL,1910,297.87
World,OWID_WRL,1911,298.36
World,OWID_WRL,1913,301.3
World,OWID_WRL,1914,300.7
World,OWID_WRL,1916,301.92
World,OWID_WRL,1918,303.85
World,OWID_WRL,1919,304.61
World,OWID_WRL,1920,301.88
World,OWID_WRL,1923,304.69
World,OWID_WRL,1925,304.84
World,OWID_WRL,1928,306.84
World,OWID_WRL,1929,305.62
World,OWID_WRL,1931,305.74
World,OWID_WRL,1932,308.26
World,OWID_WRL,1933,307.11
World,OWID_WRL,1934,308.35
World,OWID_WRL,1935,306.32
World,OWID_WRL,1936,308.3
World,OWID_WRL,1937,307.41
World,OWID_WRL,1938,311.07
World,OWID_WRL,1939,310.83
World,OWID_WRL,1940,310.38
World,OWID_WRL,1941,309.77
World,OWID_WRL,1942,312.37
World,OWID_WRL,1944,312.36
World,OWID_WRL,1945,310.94
World,OWID_WRL,1946,312.26
World,OWID_WRL,1947,311.61
World,OWID_WRL,1948,311.57
World,OWID_WRL,1949,309.69
World,OWID_WRL,1950,312.83
World,OWID_WRL,1952,312.18
World,OWID_WRL,1954,312.73
World,OWID_WRL,1955,314.71
World,OWID_WRL,1956,315.34
World,OWID_WRL,1957,315.34
World,OWID_WRL,1958,315.34
World,OWID_WRL,1959,315.97
World,OWID_WRL,1960,316.91
World,OWID_WRL,1961,317.64
World,OWID_WRL,1962,318.45
World,OWID_WRL,1963,318.99
World,OWID_WRL,1964,319.62
World,OWID_WRL,1965,320.04
World,OWID_WRL,1966,321.38
World,OWID_WRL,1967,322.16
World,OWID_WRL,1968,323.04
World,OWID_WRL,1969,324.62
World,OWID_WRL,1970,325.68
World,OWID_WRL,1971,326.32
World,OWID_WRL,1972,327.45
World,OWID_WRL,1973,329.68
World,OWID_WRL,1974,330.18
World,OWID_WRL,1975,331.11
World,OWID_WRL,1976,332.04
World,OWID_WRL,1977,333.83
World,OWID_WRL,1978,335.4
World,OWID_WRL,1979,336.84
World,OWID_WRL,1980,338.75
World,OWID_WRL,1981,340.11
World,OWID_WRL,1982,341.45
World,OWID_WRL,1983,343.05
World,OWID_WRL,1984,344.65
World,OWID_WRL,1985,346.12
World,OWID_WRL,1986,347.42
World,OWID_WRL,1987,349.19
World,OWID_WRL,1988,351.57
World,OWID_WRL,1989,353.12
World,OWID_WRL,1990,354.39
World,OWID_WRL,1991,355.61
World,OWID_WRL,1992,356.45
World,OWID_WRL,1993,357.1
World,OWID_WRL,1994,358.83
World,OWID_WRL,1995,360.82
World,OWID_WRL,1996,362.61
World,OWID_WRL,1997,363.73
World,OWID_WRL,1998,366.7
World,OWID_WRL,1999,368.38
World,OWID_WRL,2000,369.55
World,OWID_WRL,2001,371.14
World,OWID_WRL,2002,373.28
World,OWID_WRL,2003,375.8
World,OWID_WRL,2004,377.52
World,OWID_WRL,2005,379.8
World,OWID_WRL,2006,381.9
World,OWID_WRL,2007,383.79
World,OWID_WRL,2008,385.6
World,OWID_WRL,2009,387.43
World,OWID_WRL,2010,389.9
World,OWID_WRL,2011,391.65
World,OWID_WRL,2012,393.85
World,OWID_WRL,2013,396.52
World,OWID_WRL,2014,398.65
World,OWID_WRL,2015,400.83
World,OWID_WRL,2016,404.24
World,OWID_WRL,2017,406.55
World,OWID_WRL,2018,408.52